{"cameraMode":{"drawMode":0,"name":"Shaded","section":"Shading Mode"},"sceneLighting":true,"audioPlay":false,"sceneViewState":{"showFog":true,"showMaterialUpdate":false,"showSkybox":true,"showFlares":true,"showImageEffects":true,"showParticleSystems":true},"in2DMode":false,"pivot":{"x":-0.6951280832290649,"y":0.20089977979660035,"z":-0.048676155507564548},"rotation":{"x":0.10418113321065903,"y":0.44801831245422366,"z":-0.05265859141945839,"w":0.8863707184791565},"size":6.702780723571777,"orthographic":true}