{"cameraMode":{"drawMode":0,"name":"Shaded","section":"Shading Mode"},"sceneLighting":false,"audioPlay":false,"sceneViewState":{"showFog":true,"showMaterialUpdate":false,"showSkybox":true,"showFlares":true,"showImageEffects":true,"showParticleSystems":true},"in2DMode":false,"pivot":{"x":0.0,"y":-0.005707994103431702,"z":-0.02575356885790825},"rotation":{"x":0.15336360037326814,"y":0.588870644569397,"z":-0.11502223461866379,"w":0.7851629257202148},"size":0.42142218351364138,"orthographic":true}