{"cameraMode":{"drawMode":0,"name":"Shaded","section":"Shading Mode"},"sceneLighting":false,"audioPlay":false,"sceneViewState":{"showFog":true,"showMaterialUpdate":false,"showSkybox":true,"showFlares":true,"showImageEffects":true,"showParticleSystems":true},"in2DMode":false,"pivot":{"x":0.0,"y":-0.005707994103431702,"z":-0.02575356885790825},"rotation":{"x":0.36693331599235537,"y":0.28064242005348208,"z":-0.11713392287492752,"w":0.8791356086730957},"size":1.3271952867507935,"orthographic":true}